<?xml version="1.0" encoding="UTF-8" standalone="no"?>
<project>
    	
    <configuration id="ilg.gnuarmeclipse.managedbuild.cross.config.elf.debug.245038976" name="Debug">
        		
        <extension point="org.eclipse.cdt.core.LanguageSettingsProvider">
            			
            <provider copy-of="extension" id="org.eclipse.cdt.ui.UserLanguageSettingsProvider"/>
            			
            <provider-reference id="org.eclipse.cdt.core.ReferencedProjectsLanguageSettingsProvider" ref="shared-provider"/>
            			
            <provider-reference id="org.eclipse.cdt.managedbuilder.core.MBSLanguageSettingsProvider" ref="shared-provider"/>
            			
            <provider class="org.eclipse.cdt.managedbuilder.language.settings.providers.GCCBuiltinSpecsDetector" console="false" env-hash="1128169238848164961" id="ilg.gnuarmeclipse.managedbuild.cross.GCCBuiltinSpecsDetector" keep-relative-paths="false" name="CDT ARM Cross GCC Built-in Compiler Settings " parameter="${COMMAND} ${FLAGS} ${cross_toolchain_flags} -E -P -v -dD &quot;${INPUTS}&quot;" prefer-non-shared="true">
                				
                <language-scope id="org.eclipse.cdt.core.gcc"/>
                				
                <language-scope id="org.eclipse.cdt.core.g++"/>
                			
            </provider>
            		
        </extension>
        	
    </configuration>
    	
    <configuration id="ilg.gnuarmeclipse.managedbuild.cross.config.elf.release.1522662226" name="Release">
        		
        <extension point="org.eclipse.cdt.core.LanguageSettingsProvider">
            			
            <provider copy-of="extension" id="org.eclipse.cdt.ui.UserLanguageSettingsProvider"/>
            			
            <provider-reference id="org.eclipse.cdt.core.ReferencedProjectsLanguageSettingsProvider" ref="shared-provider"/>
            			
            <provider-reference id="org.eclipse.cdt.managedbuilder.core.MBSLanguageSettingsProvider" ref="shared-provider"/>
            			
            <provider class="org.eclipse.cdt.managedbuilder.language.settings.providers.GCCBuiltinSpecsDetector" console="false" env-hash="1150976690304856570" id="ilg.gnuarmeclipse.managedbuild.cross.GCCBuiltinSpecsDetector" keep-relative-paths="false" name="CDT ARM Cross GCC Built-in Compiler Settings " parameter="${COMMAND} ${FLAGS} ${cross_toolchain_flags} -E -P -v -dD &quot;${INPUTS}&quot;" prefer-non-shared="true">
                				
                <language-scope id="org.eclipse.cdt.core.gcc"/>
                				
                <language-scope id="org.eclipse.cdt.core.g++"/>
                			
            </provider>
            		
        </extension>
        	
    </configuration>
    
</project>
